{
  "openapi" : "3.0.1",
  "info" : {
    "title" : "Cache Manager",
    "description" : "Cache management using a file",
    "version" : "1"
  },
  "servers" : [ {
    "url" : "http://localhost:8080"
  } ],
  "paths" : {
    "/loadcache" : {
      "get" : {
        "description" : "Loads the Cache from the cache.txt file",
        "responses" : {
          "201" : {
            "description" : "Success if loaded successfully or error in return",
            "content" : {
              "text/plain; charset=utf-8" : {
                "schema" : {
                  "type" : "string"
                },
                "examples" : { }
              }
            }
          }
        },
        "servers" : [ {
          "url" : "http://localhost:8080"
        } ]
      },
      "servers" : [ {
        "url" : "http://localhost:8080"
      } ]
    },
    "/clearcache" : {
      "get" : {
        "description" : "Clears the cache and makes it zero",
        "responses" : {
          "200" : {
            "description" : "Success if cleared successfully or error in return",
            "content" : {
              "text/plain; charset=utf-8" : {
                "schema" : {
                  "type" : "string"
                },
                "examples" : { }
              }
            }
          }
        },
        "servers" : [ {
          "url" : "http://localhost:8080"
        } ]
      },
      "servers" : [ {
        "url" : "http://localhost:8080"
      } ]
    },
    "/getcache" : {
      "get" : {
        "description" : "Get the cache based without page number",
        "responses" : {
          "200" : {
            "description" : "Gets cache as per pagination",
            "content" : {
              "text/plain; charset=utf-8" : {
                "schema" : {
                  "type" : "string"
                },
                "examples" : { }
              }
            }
          }
        },
        "servers" : [ {
          "url" : "http://localhost:8080"
        } ]
      },
      "post" : {
        "description" : "Get the cache based on page number",
        "parameters" : [ {
          "name" : "page",
          "in" : "query",
          "required" : false,
          "style" : "form",
          "explode" : true,
          "schema" : {
            "type" : "string"
          },
          "example" : "2"
        } ],
        "responses" : {
          "200" : {
            "description" : "Gets requsted cache if present",
            "content" : {
              "text/plain; charset=utf-8" : {
                "schema" : {
                  "type" : "string"
                },
                "examples" : { }
              }
            }
          }
        },
        "servers" : [ {
          "url" : "http://localhost:8080"
        } ]
      },
      "servers" : [ {
        "url" : "http://localhost:8080"
      } ]
    },
    "/putcache" : {
      "post" : {
        "description" : "Adds an item into the cache",
        "parameters" : [ {
          "name" : "data",
          "in" : "query",
          "required" : false,
          "style" : "form",
          "explode" : true,
          "schema" : {
            "type" : "string"
          },
          "example" : "vijay,test,nokia"
        } ],
        "requestBody" : {
          "content" : {
            "multipart/form-data" : {
              "schema" : {
                "type" : "string"
              },
              "examples" : {
                "0" : {
                  "value" : "data:vijay,vinay"
                }
              }
            }
          }
        },
        "responses" : {
          "200" : {
            "description" : "Gets successfull message if added or error in return",
            "content" : {
              "text/plain; charset=utf-8" : {
                "schema" : {
                  "type" : "string"
                },
                "examples" : { }
              }
            }
          }
        },
        "servers" : [ {
          "url" : "http://localhost:8080"
        } ]
      },
      "servers" : [ {
        "url" : "http://localhost:8080"
      } ]
    }
  },
  "components" : { }
}